"Method","Name","# requests","# failures","Median response time","Average response time","Min response time","Max response time","Average Content Size","Requests/s"
"GET","/test/_design/api/_view/all_docs?keys=%5B%5B%22017e15e6-ac97-487c-b6aa-fd581408189e%22%2C+%22b98ae4b3-5070-450f-99f4-ceac85f1066f%22%5D%5D&include_docs=false",1,0,150,151,151,151,52,0.02
"GET","/test/_design/api/_view/all_docs?keys=%5B%5B%220462c93a-676d-4a6a-996d-2bee2e9c126c%22%2C+%221c081e1a-f434-4c22-9740-97eff020b197%22%5D%5D&include_docs=false",1,0,130,127,127,127,52,0.02
"GET","/test/_design/api/_view/all_docs?keys=%5B%5B%2204a02b68-4045-4a00-9530-323d98e97274%22%2C+%222070597c-9b1e-4dd4-8802-234baff991d7%22%5D%5D&include_docs=false",1,0,130,131,131,131,52,0.02
"GET","/test/_design/api/_view/all_docs?keys=%5B%5B%22057c37eb-1bff-482c-95da-b2fd308aceee%22%2C+%22febab5d1-48dc-420c-bd88-b1e9a0cb6c48%22%5D%5D&include_docs=false",1,0,230,228,228,228,52,0.02
"GET","/test/_design/api/_view/all_docs?keys=%5B%5B%2205c268ec-79fb-4743-ad80-48d97896b2bd%22%2C+%220db6417d-6b36-48d5-ab03-946e2c8d989c%22%5D%5D&include_docs=false",1,0,140,144,144,144,52,0.02
"GET","/test/_design/api/_view/all_docs?keys=%5B%5B%2205d6faf3-9eb8-4fa8-a08a-d017ac6a308c%22%2C+%22c1878628-58d5-4dfe-af05-2f5791dcc699%22%5D%5D&include_docs=false",1,0,210,208,208,208,52,0.02
"GET","/test/_design/api/_view/all_docs?keys=%5B%5B%2205d84189-1795-40cf-b533-a208f05c4514%22%2C+%2265dd6192-a10e-4970-8726-7bb26fb7830a%22%5D%5D&include_docs=false",1,0,240,241,241,241,52,0.02
"GET","/test/_design/api/_view/all_docs?keys=%5B%5B%2205e9b0d4-2724-4c8d-bc82-e078727335fe%22%2C+%22b9adf6ba-721b-4daa-9b77-178357503c29%22%5D%5D&include_docs=false",1,0,140,139,139,139,52,0.02
"GET","/test/_design/api/_view/all_docs?keys=%5B%5B%2206b8a2d1-3bb2-4cf3-aca6-5c6b9d6397f0%22%2C+%2293d81c03-652f-480c-9b4b-032bb0e2a173%22%5D%5D&include_docs=false",1,0,170,169,169,169,52,0.02
"GET","/test/_design/api/_view/all_docs?keys=%5B%5B%220702bedd-b0c1-43e4-825e-dd2b8e9ac21c%22%2C+%223e7667e7-f000-4823-a1cb-bbe452126ac8%22%5D%5D&include_docs=false",1,0,160,155,155,155,52,0.02
"GET","/test/_design/api/_view/all_docs?keys=%5B%5B%22070c0b81-0fcb-4220-9462-421237cf37bc%22%2C+%221e140160-b182-40a0-9b46-0dd9388b9ad2%22%5D%5D&include_docs=false",1,0,180,184,184,184,52,0.02
"GET","/test/_design/api/_view/all_docs?keys=%5B%5B%2207198b94-b00b-485f-a009-fba0aed925dc%22%2C+%2253474c18-60a6-4642-b67c-d06fa96990e7%22%5D%5D&include_docs=false",1,0,200,197,197,197,52,0.02
"GET","/test/_design/api/_view/all_docs?keys=%5B%5B%220796ee78-1e4f-495d-b386-2d489c5a7b11%22%2C+%222325ae9f-480a-4991-a6fe-cccd71db059b%22%5D%5D&include_docs=false",1,0,180,176,176,176,52,0.02
"GET","/test/_design/api/_view/all_docs?keys=%5B%5B%2208198d3e-9256-49d6-94bc-36d5d9eb9e2c%22%2C+%226f4d9ae1-025d-4087-91ac-193bea0c2097%22%5D%5D&include_docs=false",1,0,140,139,139,139,52,0.02
"GET","/test/_design/api/_view/all_docs?keys=%5B%5B%220819a5ab-148c-40eb-a6de-d79aeff7f405%22%2C+%220b76e7bd-18a9-4467-932d-d5ddb2b9c754%22%5D%5D&include_docs=false",1,0,120,122,122,122,52,0.02
"GET","/test/_design/api/_view/all_docs?keys=%5B%5B%2208ad532d-a132-44f9-9a6d-871db8a57c7b%22%2C+%223e5e4a93-bec6-48f3-b258-60f5852e37ee%22%5D%5D&include_docs=false",1,0,120,122,122,122,52,0.02
"GET","/test/_design/api/_view/all_docs?keys=%5B%5B%220b638f6f-6d9c-44e4-9283-52dd0a91e226%22%2C+%22c2cfccbd-e97c-4c2c-b27c-171eedfde0d8%22%5D%5D&include_docs=false",1,0,640,639,639,639,52,0.02
"GET","/test/_design/api/_view/all_docs?keys=%5B%5B%220d691594-a62b-488f-bb74-1050ee95b159%22%2C+%2225a78410-ae5c-4d0b-959d-5fcb72b628a6%22%5D%5D&include_docs=false",1,0,170,171,171,171,52,0.02
"GET","/test/_design/api/_view/all_docs?keys=%5B%5B%220d756ba4-c2ff-47b5-8720-6b9095dd463e%22%2C+%22cd941e8f-6567-41d7-9fdd-b6e272b370bf%22%5D%5D&include_docs=false",1,0,470,472,472,472,52,0.02
"GET","/test/_design/api/_view/all_docs?keys=%5B%5B%2211657ba1-26c1-41b7-98b7-54909cdf208b%22%2C+%2297e9ce2c-99d7-4637-8a71-e8a97c2f53a0%22%5D%5D&include_docs=false",1,0,120,123,123,123,52,0.02
"GET","/test/_design/api/_view/all_docs?keys=%5B%5B%22124cb69d-d00b-4b6e-a0bd-3f70b125b9e4%22%2C+%22d015af90-4f35-4525-9cbc-5f8bb512d2fe%22%5D%5D&include_docs=false",1,0,130,132,132,132,52,0.02
"GET","/test/_design/api/_view/all_docs?keys=%5B%5B%2213544a17-02e1-47de-a653-ff604ab28934%22%2C+%22adaa9a31-5bda-481d-83d7-16164b9cb4df%22%5D%5D&include_docs=false",1,0,2600,2628,2628,2628,52,0.02
"GET","/test/_design/api/_view/all_docs?keys=%5B%5B%221464d0f1-4d8e-4f74-ab4a-81070da6d485%22%2C+%2274157370-1448-43a2-8e8e-83e65d59f24a%22%5D%5D&include_docs=false",1,0,150,151,151,151,52,0.02
"GET","/test/_design/api/_view/all_docs?keys=%5B%5B%22147438fc-afcf-4e81-97ed-8c84f9414e76%22%2C+%229d6e6e79-9798-4e29-bc8d-37ed5372aec5%22%5D%5D&include_docs=false",1,0,250,250,250,250,52,0.02
"GET","/test/_design/api/_view/all_docs?keys=%5B%5B%221647dcc6-a674-412b-9a1d-576e980bfdba%22%2C+%226b3b0fe8-fd4b-4801-8579-62431f237e64%22%5D%5D&include_docs=false",1,0,140,135,135,135,52,0.02
"GET","/test/_design/api/_view/all_docs?keys=%5B%5B%2218f6ab98-eb0f-4c62-b111-6dfeca687a2a%22%2C+%2219a9ec73-ae14-4a1f-9256-520110b0b2f6%22%5D%5D&include_docs=false",1,0,120,118,118,118,52,0.02
"GET","/test/_design/api/_view/all_docs?keys=%5B%5B%2219459950-5f18-44e7-8ae7-1928705a61a3%22%2C+%2288239482-fa64-4951-aa7a-5355ab5ba414%22%5D%5D&include_docs=false",1,0,210,210,210,210,52,0.02
"GET","/test/_design/api/_view/all_docs?keys=%5B%5B%221994a803-be32-4fe4-be1f-3137abdead34%22%2C+%22ebda4351-33c1-4f3c-bc94-916dbb21aae2%22%5D%5D&include_docs=false",1,0,120,120,120,120,52,0.02
"GET","/test/_design/api/_view/all_docs?keys=%5B%5B%221bcc1906-75e9-49f1-b3cd-11ba699ccd34%22%2C+%22ee521b50-bf31-4224-b169-6abf365c4d5a%22%5D%5D&include_docs=false",1,0,150,147,147,147,52,0.02
"GET","/test/_design/api/_view/all_docs?keys=%5B%5B%221cff6f33-222f-4a60-a7a4-4c38c8527101%22%2C+%22f4518bd9-fbb2-4488-bfc7-863964af1197%22%5D%5D&include_docs=false",1,0,130,126,126,126,52,0.02
"GET","/test/_design/api/_view/all_docs?keys=%5B%5B%221d0d7d0d-1cff-40ae-8646-f74cf809e971%22%2C+%225e98c8cc-da15-46e2-8163-ba88d41606c6%22%5D%5D&include_docs=false",1,0,140,138,138,138,52,0.02
"GET","/test/_design/api/_view/all_docs?keys=%5B%5B%221e89a179-b9c2-4972-9ae2-39356cb7f148%22%2C+%2243a7e370-1283-442a-a442-e5b72d2aa466%22%5D%5D&include_docs=false",1,0,240,240,240,240,52,0.02
"GET","/test/_design/api/_view/all_docs?keys=%5B%5B%221ec46144-d0a0-412a-8662-de9603198afc%22%2C+%22b16443c9-6a9a-4b60-94d7-ae01e8d7269e%22%5D%5D&include_docs=false",1,0,130,125,125,125,52,0.02
"GET","/test/_design/api/_view/all_docs?keys=%5B%5B%221ecb9eec-ab49-4d1f-b936-b7be51c377fb%22%2C+%22ec0099ac-be85-4331-9b2a-2502416d4e32%22%5D%5D&include_docs=false",1,0,130,125,125,125,52,0.02
"GET","/test/_design/api/_view/all_docs?keys=%5B%5B%221ed6dc54-3084-40ef-baf5-7668a61b0173%22%2C+%224f7cb6e2-a14b-4c66-89cc-65a16b23f215%22%5D%5D&include_docs=false",1,0,190,191,191,191,52,0.02
"GET","/test/_design/api/_view/all_docs?keys=%5B%5B%221f36325a-eaf0-40cc-9de9-0a1e5b257f96%22%2C+%22c978beb4-f75d-4878-b269-e56ee9cd4d67%22%5D%5D&include_docs=false",1,0,140,140,140,140,52,0.02
"GET","/test/_design/api/_view/all_docs?keys=%5B%5B%221f869dcb-8814-44a9-9ea9-d27f6b762bf2%22%2C+%22d89cef8b-d735-4466-a488-1c2e1c6625a1%22%5D%5D&include_docs=false",1,0,190,186,186,186,52,0.02
"GET","/test/_design/api/_view/all_docs?keys=%5B%5B%2220ae5fbe-f224-441c-a8a9-0ef1c4b91988%22%2C+%223f954dcc-0827-4b4f-8fff-7e6c9697a8df%22%5D%5D&include_docs=false",1,0,190,187,187,187,52,0.02
"GET","/test/_design/api/_view/all_docs?keys=%5B%5B%2221f893ed-7b5f-4d0f-9da4-341f31705568%22%2C+%22b70097b8-6791-4dd7-a18f-6850c5c14d70%22%5D%5D&include_docs=false",1,0,150,152,152,152,52,0.02
"GET","/test/_design/api/_view/all_docs?keys=%5B%5B%2222d5443e-3311-4a0b-8ed0-6c42f18e1d82%22%2C+%22fbe709d5-2db0-4100-bf01-7ea0ce3cf1b5%22%5D%5D&include_docs=false",1,0,170,173,173,173,52,0.02
"GET","/test/_design/api/_view/all_docs?keys=%5B%5B%22238af7ce-ca3f-47fc-b676-1cdca89ad648%22%2C+%227627552d-9e74-41d2-91b0-59ed104e0103%22%5D%5D&include_docs=false",1,0,220,221,221,221,52,0.02
"GET","/test/_design/api/_view/all_docs?keys=%5B%5B%222430d072-c402-48c8-ae18-ac677dbb5ff6%22%2C+%22c3aaa0e5-c942-4f30-b405-0f45f4b0b33e%22%5D%5D&include_docs=false",1,0,720,723,723,723,52,0.02
"GET","/test/_design/api/_view/all_docs?keys=%5B%5B%222c4d6c69-7d0e-4388-8b85-bd6a034c6b0a%22%2C+%220ec4627c-c7e0-425b-88d0-01e8d6281ca0%22%5D%5D&include_docs=false",1,0,160,156,156,156,52,0.02
"GET","/test/_design/api/_view/all_docs?keys=%5B%5B%222cdfca37-21b6-40d3-9c8e-96f9d49e9689%22%2C+%22c2ac09b8-7e4b-4592-aac5-514ea6ab97c7%22%5D%5D&include_docs=false",1,0,630,631,631,631,52,0.02
"GET","/test/_design/api/_view/all_docs?keys=%5B%5B%222e40a6e0-d16a-40b4-aeb3-c97a515bbf85%22%2C+%22d9fdc462-c7be-495e-909c-3834fb2b040b%22%5D%5D&include_docs=false",1,0,160,161,161,161,52,0.02
"GET","/test/_design/api/_view/all_docs?keys=%5B%5B%2230d9059b-79aa-4705-90bc-340cc4573368%22%2C+%22b4741c1b-0c32-41f6-9125-8ae57c17d916%22%5D%5D&include_docs=false",1,0,210,213,213,213,52,0.02
"GET","/test/_design/api/_view/all_docs?keys=%5B%5B%2230dc6542-392e-46aa-be20-b9475ee09875%22%2C+%22da3b2c2d-c7ad-400b-926b-aacc89b0f7f3%22%5D%5D&include_docs=false",1,0,170,166,166,166,52,0.02
"GET","/test/_design/api/_view/all_docs?keys=%5B%5B%223331e879-dde7-4abd-ba67-e32488d568fa%22%2C+%224dafd40e-bf72-4d17-99b8-ae15f9e0a989%22%5D%5D&include_docs=false",1,0,120,119,119,119,52,0.02
"GET","/test/_design/api/_view/all_docs?keys=%5B%5B%223a12cc24-6c01-46fd-9ab8-cf70ad3cfd2e%22%2C+%22dcba0603-d848-441c-9f25-c5f1736ac1b6%22%5D%5D&include_docs=false",1,0,200,196,196,196,52,0.02
"GET","/test/_design/api/_view/all_docs?keys=%5B%5B%223bf2b381-98e6-4b4f-b288-502669c9cdae%22%2C+%2292668b24-3aa4-44b0-aaba-6a308c1ca73f%22%5D%5D&include_docs=false",1,0,180,179,179,179,52,0.02
"GET","/test/_design/api/_view/all_docs?keys=%5B%5B%223d107dee-0364-4c9a-92c8-2666287dbe1f%22%2C+%22bca3179e-3de3-4b92-91d9-48e124ecffc6%22%5D%5D&include_docs=false",1,0,360,361,361,361,52,0.02
"GET","/test/_design/api/_view/all_docs?keys=%5B%5B%223f03af8a-db42-456f-bf7a-a75ae9ab699b%22%2C+%220b8852bb-9eee-4481-8c7f-7989e9a202ad%22%5D%5D&include_docs=false",1,0,540,541,541,541,52,0.02
"GET","/test/_design/api/_view/all_docs?keys=%5B%5B%223f663208-56a4-4b87-aa17-c23e3f5695e5%22%2C+%225b3522c9-08c8-440e-b78e-06e1e8043ff5%22%5D%5D&include_docs=false",1,0,110,114,114,114,52,0.02
"GET","/test/_design/api/_view/all_docs?keys=%5B%5B%22401c33b6-0e8e-4a0e-b3a0-f2d61284186d%22%2C+%229ea1c94d-5466-4c61-b65a-38edbe0abfb4%22%5D%5D&include_docs=false",1,0,280,276,276,276,52,0.02
"GET","/test/_design/api/_view/all_docs?keys=%5B%5B%224065acce-7346-44c4-a6ec-9a50ff6d1bb8%22%2C+%22aa3fd20c-c5f7-43ae-b9f4-aa27ea77aad0%22%5D%5D&include_docs=false",1,0,120,121,121,121,52,0.02
"GET","/test/_design/api/_view/all_docs?keys=%5B%5B%2240b1b02b-fb59-4457-8772-8ee40f11b3c5%22%2C+%229ef811c6-0bb9-4bba-aca2-5e99129396ba%22%5D%5D&include_docs=false",1,0,150,154,154,154,52,0.02
"GET","/test/_design/api/_view/all_docs?keys=%5B%5B%224233c9b7-e6e8-484a-a818-6a8a525b2291%22%2C+%22322ee59d-db5e-47c7-b876-fe8825d14fe5%22%5D%5D&include_docs=false",1,0,150,150,150,150,52,0.02
"GET","/test/_design/api/_view/all_docs?keys=%5B%5B%2242b457ef-888f-4c0a-856e-1b01c044ef87%22%2C+%228a58696b-ba98-499c-8db9-224d86e23ed1%22%5D%5D&include_docs=false",1,0,120,124,124,124,52,0.02
"GET","/test/_design/api/_view/all_docs?keys=%5B%5B%224333ceb5-6aec-44b4-be53-75ad3c709937%22%2C+%22c6344b22-26d8-4bf6-934f-f04a060d36b3%22%5D%5D&include_docs=false",1,0,120,120,120,120,52,0.02
"GET","/test/_design/api/_view/all_docs?keys=%5B%5B%224547db84-e81a-4101-a2f2-91610bb94a0f%22%2C+%22e98004db-2074-41c3-af03-db63597ce284%22%5D%5D&include_docs=false",1,0,130,127,127,127,52,0.02
"GET","/test/_design/api/_view/all_docs?keys=%5B%5B%22455f255a-4c44-494b-9291-47d46acbdf85%22%2C+%22fce85c23-68fb-4569-83f3-4f385fc357db%22%5D%5D&include_docs=false",1,0,150,152,152,152,52,0.02
"GET","/test/_design/api/_view/all_docs?keys=%5B%5B%2246fc1e59-b816-4c91-9faf-6f572cd3c290%22%2C+%22b2b7bfc5-a2fb-4383-b3cf-3ac8061d82f2%22%5D%5D&include_docs=false",1,0,190,185,185,185,52,0.02
"GET","/test/_design/api/_view/all_docs?keys=%5B%5B%2247034177-7468-44ee-a7a2-0694f3ff3fd2%22%2C+%22df3104c9-793d-4f0a-9006-995b1e652e90%22%5D%5D&include_docs=false",1,0,140,135,135,135,52,0.02
"GET","/test/_design/api/_view/all_docs?keys=%5B%5B%2247fe57ad-829a-439f-81d0-42ebcb72167d%22%2C+%22939f743e-2378-4ce1-ab45-3dd966f4f5fc%22%5D%5D&include_docs=false",1,0,170,171,171,171,52,0.02
"GET","/test/_design/api/_view/all_docs?keys=%5B%5B%224a68a10b-55f4-488a-9482-b9c82c40483c%22%2C+%225f18eb5c-2c0d-415c-ada3-6edda2ec0dbf%22%5D%5D&include_docs=false",1,0,150,153,153,153,52,0.02
"GET","/test/_design/api/_view/all_docs?keys=%5B%5B%224ab3653e-a083-4b47-a7f5-44036630cc45%22%2C+%22448d105a-b646-4c7b-9f9a-f0038fdae544%22%5D%5D&include_docs=false",1,0,130,132,132,132,52,0.02
"GET","/test/_design/api/_view/all_docs?keys=%5B%5B%224bb88d4f-6838-480a-bd43-d72627716576%22%2C+%22b5903fe1-517d-4d0d-81a5-43ce474c2881%22%5D%5D&include_docs=false",1,0,460,462,462,462,52,0.02
"GET","/test/_design/api/_view/all_docs?keys=%5B%5B%2252470116-bb62-4a97-b2ce-398491d92fe2%22%2C+%229a98fd2a-273b-4c2c-8424-b7bb82d1f0dc%22%5D%5D&include_docs=false",1,0,160,157,157,157,52,0.02
"GET","/test/_design/api/_view/all_docs?keys=%5B%5B%2252e1f315-9908-49a6-9c0b-dd0023b536ac%22%2C+%223cc39ada-0de2-468b-8798-9599da080bbd%22%5D%5D&include_docs=false",1,0,130,128,128,128,52,0.02
"GET","/test/_design/api/_view/all_docs?keys=%5B%5B%2256c31ec8-8001-40fc-b41e-9765e04029e7%22%2C+%22c5323a25-d535-439e-b75b-aa6fb3766595%22%5D%5D&include_docs=false",1,0,150,154,154,154,52,0.02
"GET","/test/_design/api/_view/all_docs?keys=%5B%5B%2256f96133-eece-48b2-856d-6aafc24cd7a3%22%2C+%229c8a7980-68ee-47d2-9c56-fd7b52e3a965%22%5D%5D&include_docs=false",1,0,200,199,199,199,52,0.02
"GET","/test/_design/api/_view/all_docs?keys=%5B%5B%22574916b9-6fb2-428c-911e-b6d1d7798c6e%22%2C+%22ead0d01b-2083-4b23-ad54-cf859d7edcf0%22%5D%5D&include_docs=false",1,0,170,169,169,169,52,0.02
"GET","/test/_design/api/_view/all_docs?keys=%5B%5B%225830ea5c-1c4f-43e6-b333-893c8f68c2a9%22%2C+%2258480f01-1447-463a-8dc4-5e0d869def56%22%5D%5D&include_docs=false",1,0,480,482,482,482,52,0.02
"GET","/test/_design/api/_view/all_docs?keys=%5B%5B%2258b40107-1873-40c8-88a6-061108eafc26%22%2C+%2280a4fcc0-05b4-4753-a754-e1d0b7d2a180%22%5D%5D&include_docs=false",1,0,170,172,172,172,52,0.02
"GET","/test/_design/api/_view/all_docs?keys=%5B%5B%225974675a-92fd-46a4-aee6-b68a0b80a255%22%2C+%224ad6c08e-e64f-4673-a7bd-349eb3ed9d02%22%5D%5D&include_docs=false",1,0,170,168,168,168,52,0.02
"GET","/test/_design/api/_view/all_docs?keys=%5B%5B%2259a091bb-f336-4194-93a6-94e622b71fe6%22%2C+%22cd54c6ac-8ab3-4dbd-a314-a608947b5c6e%22%5D%5D&include_docs=false",1,0,160,163,163,163,52,0.02
"GET","/test/_design/api/_view/all_docs?keys=%5B%5B%225afe7ed8-ef48-4d62-88fb-d222cb140003%22%2C+%22dbcb8717-795d-401d-ba87-dbb29fcb1401%22%5D%5D&include_docs=false",1,0,190,186,186,186,52,0.02
"GET","/test/_design/api/_view/all_docs?keys=%5B%5B%225c9532fd-2722-4166-8294-02675c73c395%22%2C+%22eae5f83b-8055-49cd-bb3c-fe69d4a38be6%22%5D%5D&include_docs=false",1,0,120,122,122,122,52,0.02
"GET","/test/_design/api/_view/all_docs?keys=%5B%5B%225cdba97c-c511-4ed3-88ae-b54cbe0bfb13%22%2C+%227282055f-e00d-4b72-85af-6ea42b40105f%22%5D%5D&include_docs=false",1,0,140,137,137,137,52,0.02
"GET","/test/_design/api/_view/all_docs?keys=%5B%5B%225dfc4112-a7c0-4a28-ba46-c62ce421ea2a%22%2C+%2299eb9db7-28fc-4123-a44e-167d9b477f4b%22%5D%5D&include_docs=false",1,0,130,128,128,128,52,0.02
"GET","/test/_design/api/_view/all_docs?keys=%5B%5B%225e34ab58-bccb-4e29-b3e8-89be57f5323f%22%2C+%228f5668b6-2225-418f-8578-747554787beb%22%5D%5D&include_docs=false",1,0,120,119,119,119,52,0.02
"GET","/test/_design/api/_view/all_docs?keys=%5B%5B%225f23672c-fbc9-4822-ba94-f7093ec4e897%22%2C+%221f2f7339-d161-4fce-92e3-87dd1ef1c0e3%22%5D%5D&include_docs=false",1,0,190,186,186,186,52,0.02
"GET","/test/_design/api/_view/all_docs?keys=%5B%5B%225f6ad066-c41e-4fa8-afea-0c37ab64489f%22%2C+%2290a9b879-2e9c-4fd7-8555-04f9df3cf8cb%22%5D%5D&include_docs=false",1,0,400,395,395,395,52,0.02
"GET","/test/_design/api/_view/all_docs?keys=%5B%5B%225feba788-2896-4397-80a9-272e03359288%22%2C+%225b54eeca-5ef5-4da2-be82-fc826d0e75d1%22%5D%5D&include_docs=false",1,0,130,126,126,126,52,0.02
"GET","/test/_design/api/_view/all_docs?keys=%5B%5B%226005ba03-93c3-4842-b995-3741932990f0%22%2C+%220f69bef2-dc51-42ed-8a19-e743a81fe172%22%5D%5D&include_docs=false",1,0,170,165,165,165,52,0.02
"GET","/test/_design/api/_view/all_docs?keys=%5B%5B%22606ffc5b-254b-420a-b86a-a35cd68d076c%22%2C+%2260272342-282d-4bbf-916a-5780870cbb79%22%5D%5D&include_docs=false",1,0,1100,1118,1118,1118,52,0.02
"GET","/test/_design/api/_view/all_docs?keys=%5B%5B%2263f79583-4c85-4055-bfa2-f98e0534737d%22%2C+%22da0189ac-eabf-450a-a27c-a13012910cc7%22%5D%5D&include_docs=false",1,0,130,128,128,128,52,0.02
"GET","/test/_design/api/_view/all_docs?keys=%5B%5B%226438ad71-94b7-4dfd-80ed-c7b59ec05efe%22%2C+%226cd77696-80bb-4607-9d23-b544cbcc7777%22%5D%5D&include_docs=false",1,0,2200,2198,2198,2198,52,0.02
"GET","/test/_design/api/_view/all_docs?keys=%5B%5B%22665669fc-d1c0-4313-a75c-59cc6a3c03ae%22%2C+%2230a79848-6186-447f-b338-7f8d7a50f25b%22%5D%5D&include_docs=false",1,0,190,192,192,192,52,0.02
"GET","/test/_design/api/_view/all_docs?keys=%5B%5B%226a9f87a4-9e90-4bbb-b621-1152a469e88c%22%2C+%225ffbaf49-49d9-48ae-9eeb-554c907867db%22%5D%5D&include_docs=false",1,0,140,144,144,144,52,0.02
"GET","/test/_design/api/_view/all_docs?keys=%5B%5B%226ba7edaf-c216-4064-af4d-0e44434c5e93%22%2C+%22b253a68d-0715-4046-ba19-5120b8397a12%22%5D%5D&include_docs=false",1,0,210,213,213,213,52,0.02
"GET","/test/_design/api/_view/all_docs?keys=%5B%5B%226c14bc66-0fa7-46f4-b2e0-fd5e62fe7fa8%22%2C+%22911e7d38-9818-4ed5-9924-b12ab67fe5ea%22%5D%5D&include_docs=false",1,0,180,183,183,183,52,0.02
"GET","/test/_design/api/_view/all_docs?keys=%5B%5B%226e8e1ee6-3549-4ed8-a916-8156e6774f6e%22%2C+%22b470573d-d21c-4812-8851-32dffa109cdf%22%5D%5D&include_docs=false",1,0,150,146,146,146,52,0.02
"GET","/test/_design/api/_view/all_docs?keys=%5B%5B%226e969a87-b1b2-4c50-a28c-61788bce6895%22%2C+%22b86988f9-fde2-4218-b79f-5dcddfe4fbaf%22%5D%5D&include_docs=false",1,0,130,133,133,133,52,0.02
"GET","/test/_design/api/_view/all_docs?keys=%5B%5B%226eca46cb-3fc3-48c3-a270-f3e4427cc5c5%22%2C+%228505d4d8-8ace-4f82-93dc-013b70a1ec91%22%5D%5D&include_docs=false",1,0,170,170,170,170,52,0.02
"GET","/test/_design/api/_view/all_docs?keys=%5B%5B%2271615b23-e770-4b21-954c-9458e62e7e60%22%2C+%22269c43e3-3d1d-48dd-a5ce-5aaad24c0e3b%22%5D%5D&include_docs=false",1,0,1800,1751,1751,1751,52,0.02
"GET","/test/_design/api/_view/all_docs?keys=%5B%5B%227391db01-5b75-438e-b293-33a5bbec021c%22%2C+%2276650415-8cdf-47d0-8ed5-85584461c40d%22%5D%5D&include_docs=false",1,0,220,215,215,215,52,0.02
"GET","/test/_design/api/_view/all_docs?keys=%5B%5B%22740b26bc-8d41-4ea3-8efe-f97cc7e1f140%22%2C+%2298fa2077-f655-4252-b467-66a30eb62197%22%5D%5D&include_docs=false",1,0,160,161,161,161,52,0.02
"GET","/test/_design/api/_view/all_docs?keys=%5B%5B%2274564a50-70f9-425e-9d3a-86ce635288db%22%2C+%22a524ca7c-caae-4061-9329-df815ba17389%22%5D%5D&include_docs=false",1,0,150,145,145,145,52,0.02
"GET","/test/_design/api/_view/all_docs?keys=%5B%5B%2275297c6e-5d85-4521-9721-83fc4af7b66e%22%2C+%223ddbeff8-4105-42c8-a69f-8edd00316a64%22%5D%5D&include_docs=false",1,0,120,119,119,119,52,0.02
"GET","/test/_design/api/_view/all_docs?keys=%5B%5B%2278a30098-c324-4f22-a386-4778f6c421c4%22%2C+%22145ef816-c4bd-4f19-b563-bb3e8ffb9348%22%5D%5D&include_docs=false",1,0,130,126,126,126,52,0.02
"GET","/test/_design/api/_view/all_docs?keys=%5B%5B%2279f6590e-2c43-4c3c-9b1f-7a97c7390083%22%2C+%226661a238-1e76-4304-b2b1-28609b9328cb%22%5D%5D&include_docs=false",1,0,180,178,178,178,52,0.02
"GET","/test/_design/api/_view/all_docs?keys=%5B%5B%227d9e66a7-e40a-4555-9e6a-4a099903b9b2%22%2C+%2258d3714d-8c87-48ae-8933-671af880698c%22%5D%5D&include_docs=false",1,0,160,157,157,157,52,0.02
"GET","/test/_design/api/_view/all_docs?keys=%5B%5B%227e64b735-a708-49e0-b4c2-5d74c744b752%22%2C+%22ef9f2cf9-981c-4097-ac86-164a05e3fb16%22%5D%5D&include_docs=false",1,0,220,216,216,216,52,0.02
"GET","/test/_design/api/_view/all_docs?keys=%5B%5B%227ff1b9f6-67ca-4ea1-a08b-50c29bab3b19%22%2C+%229db4e79f-2808-438a-bb2e-288a6f03f1dd%22%5D%5D&include_docs=false",1,0,160,163,163,163,52,0.02
"GET","/test/_design/api/_view/all_docs?keys=%5B%5B%22808406c3-f1ca-4928-8587-fdaf1c6390c7%22%2C+%2291401e9f-9d33-4801-8620-9c4bfeaae2f6%22%5D%5D&include_docs=false",1,0,120,116,116,116,52,0.02
"GET","/test/_design/api/_view/all_docs?keys=%5B%5B%2282cc9bb2-f4dc-4182-b813-cb7637117d46%22%2C+%223622a693-db2e-4a36-acc6-df42e0879345%22%5D%5D&include_docs=false",1,0,230,227,227,227,52,0.02
"GET","/test/_design/api/_view/all_docs?keys=%5B%5B%22841cc1c8-e1a2-4bd9-b910-0d6efe2d7091%22%2C+%220d43dc45-7ba0-44ff-be9a-87358a938aaf%22%5D%5D&include_docs=false",1,0,130,125,125,125,52,0.02
"GET","/test/_design/api/_view/all_docs?keys=%5B%5B%22841cc1c8-e1a2-4bd9-b910-0d6efe2d7091%22%2C+%22cf4f6ebc-b8ff-487f-89e1-fd7a967ff9e8%22%5D%5D&include_docs=false",1,0,120,118,118,118,52,0.02
"GET","/test/_design/api/_view/all_docs?keys=%5B%5B%22844d3141-f734-45e7-be67-4f13d409bf72%22%2C+%22d567b511-576f-49e3-8fc9-170d4637a45f%22%5D%5D&include_docs=false",1,0,120,121,121,121,52,0.02
"GET","/test/_design/api/_view/all_docs?keys=%5B%5B%2284e90cdb-0923-4d09-8d1e-698fe3618f83%22%2C+%22564e8e52-794d-4856-a6dc-366413185b00%22%5D%5D&include_docs=false",1,0,210,207,207,207,52,0.02
"GET","/test/_design/api/_view/all_docs?keys=%5B%5B%2286092906-63e4-4444-80c4-173669c02814%22%2C+%2295ca1427-3710-4646-ae06-249f2e455864%22%5D%5D&include_docs=false",1,0,120,119,119,119,52,0.02
"GET","/test/_design/api/_view/all_docs?keys=%5B%5B%228720c7de-8c44-414a-8c86-8a19093f2202%22%2C+%221b8c8417-3cb9-405e-8c10-78907322e26f%22%5D%5D&include_docs=false",1,0,170,166,166,166,52,0.02
"GET","/test/_design/api/_view/all_docs?keys=%5B%5B%228aa37c3e-7fd1-4f56-ac4f-1f74f2cd217e%22%2C+%2260846def-1661-4c5c-96e5-cfacc71877eb%22%5D%5D&include_docs=false",1,0,150,149,149,149,52,0.02
"GET","/test/_design/api/_view/all_docs?keys=%5B%5B%228c3f4eb8-f8e4-4a82-b19e-861f30af7d14%22%2C+%22227addad-0356-42fe-b21a-71a3e4562cf0%22%5D%5D&include_docs=false",1,0,130,131,131,131,52,0.02
"GET","/test/_design/api/_view/all_docs?keys=%5B%5B%228c711f64-1742-4d08-ae68-de0d1a9e1507%22%2C+%22934a6adb-cb3e-409c-a43a-ff6560709e1e%22%5D%5D&include_docs=false",1,0,130,125,125,125,52,0.02
"GET","/test/_design/api/_view/all_docs?keys=%5B%5B%228e0177cd-1f2e-40d2-b0ce-2b8c3df42644%22%2C+%229ff5eafd-16b5-4d50-84ee-446590b896a8%22%5D%5D&include_docs=false",1,0,240,239,239,239,52,0.02
"GET","/test/_design/api/_view/all_docs?keys=%5B%5B%2291878587-e9cb-47be-9227-8ed4e4ff3370%22%2C+%22b48b9c1c-1642-4263-af6f-7a6f5dc65f1b%22%5D%5D&include_docs=false",1,0,130,130,130,130,52,0.02
"GET","/test/_design/api/_view/all_docs?keys=%5B%5B%2292727ded-2085-4d09-a592-e21d521aede2%22%2C+%226587aba4-2939-44a5-9617-0bd494274e9e%22%5D%5D&include_docs=false",1,0,200,196,196,196,52,0.02
"GET","/test/_design/api/_view/all_docs?keys=%5B%5B%22940c07d3-b523-401e-8c16-da19be372a6d%22%2C+%2214593fa2-0da0-475d-b409-6c74744ab042%22%5D%5D&include_docs=false",1,0,180,177,177,177,52,0.02
"GET","/test/_design/api/_view/all_docs?keys=%5B%5B%22946ce5f1-c68c-4597-a88c-dfa9dc8d335c%22%2C+%22f30015c7-26b8-461b-b970-d5650eaaf808%22%5D%5D&include_docs=false",1,0,180,177,177,177,52,0.02
"GET","/test/_design/api/_view/all_docs?keys=%5B%5B%2294d1e525-5b7c-4154-8f01-8686d49ce75f%22%2C+%22914e2f42-0ee2-4884-bde7-1836b3b85cd6%22%5D%5D&include_docs=false",1,0,130,129,129,129,52,0.02
"GET","/test/_design/api/_view/all_docs?keys=%5B%5B%2297e76e5b-f057-46f2-8f8f-39729cb5d782%22%2C+%2202626f5b-21c4-4306-8b0e-4cb0ca196a48%22%5D%5D&include_docs=false",1,0,190,190,190,190,52,0.02
"GET","/test/_design/api/_view/all_docs?keys=%5B%5B%229870b060-18f0-440a-9736-bca772dd425d%22%2C+%22340a3fae-a080-43ec-b7dd-dfaa82f54691%22%5D%5D&include_docs=false",1,0,150,148,148,148,52,0.02
"GET","/test/_design/api/_view/all_docs?keys=%5B%5B%229dff9a80-6e01-42a0-882c-7da07023787e%22%2C+%228b808071-af19-4135-8794-c1051b5d7aae%22%5D%5D&include_docs=false",1,0,190,191,191,191,52,0.02
"GET","/test/_design/api/_view/all_docs?keys=%5B%5B%229fb61dbc-6de8-4e80-ba05-10cdc6ae4ee4%22%2C+%22c027f016-5d02-4fd9-a1de-a4fa41f68d45%22%5D%5D&include_docs=false",1,0,190,186,186,186,52,0.02
"GET","/test/_design/api/_view/all_docs?keys=%5B%5B%22a3ef03bf-6332-4802-823f-691c53876ed6%22%2C+%2280b8f0f2-9e27-4635-948e-fb4e1e5c2be3%22%5D%5D&include_docs=false",1,0,180,176,176,176,52,0.02
"GET","/test/_design/api/_view/all_docs?keys=%5B%5B%22a47d4360-c2cd-46cc-bf1e-5242731ccbb8%22%2C+%227bc5c719-cae4-4639-a266-65609cfca40a%22%5D%5D&include_docs=false",1,0,150,146,146,146,52,0.02
"GET","/test/_design/api/_view/all_docs?keys=%5B%5B%22a47e3e74-e853-48a1-9879-555dcb4e6cd6%22%2C+%2221c861c1-68c5-438f-ac86-804fef616818%22%5D%5D&include_docs=false",1,0,130,131,131,131,52,0.02
"GET","/test/_design/api/_view/all_docs?keys=%5B%5B%22a495b1bb-ce11-4722-be98-651e1ffec3fc%22%2C+%227de110f9-3a9c-4cd7-a6f5-5700a4c1e35d%22%5D%5D&include_docs=false",1,0,130,128,128,128,52,0.02
"GET","/test/_design/api/_view/all_docs?keys=%5B%5B%22a4e32253-f2f9-4595-8d39-24afdfc4c356%22%2C+%22c51ed5d0-7561-4cf6-bdb6-00069f5a6d1d%22%5D%5D&include_docs=false",1,0,150,146,146,146,52,0.02
"GET","/test/_design/api/_view/all_docs?keys=%5B%5B%22a6867209-1f22-425a-aa4e-98e1dffa5ade%22%2C+%225b137fe0-cafc-47a8-a1ee-5dad18c88e34%22%5D%5D&include_docs=false",1,0,130,127,127,127,52,0.02
"GET","/test/_design/api/_view/all_docs?keys=%5B%5B%22a6a3d92b-3be9-4733-b3cb-30d1253a49cd%22%2C+%22b544da89-0617-43f7-bc1b-7e3c1a6a44e8%22%5D%5D&include_docs=false",1,0,340,338,338,338,52,0.02
"GET","/test/_design/api/_view/all_docs?keys=%5B%5B%22a77d8488-2fc9-4e0e-98ae-8cff41bed30c%22%2C+%2231b2f7c2-dfcc-4041-955c-6be0128db747%22%5D%5D&include_docs=false",1,0,120,120,120,120,52,0.02
"GET","/test/_design/api/_view/all_docs?keys=%5B%5B%22aad2e905-8ab6-40b4-8655-c5da23c1b740%22%2C+%220ecb8cc3-d921-4e7d-bd43-76db15e4b1e5%22%5D%5D&include_docs=false",1,0,160,160,160,160,52,0.02
"GET","/test/_design/api/_view/all_docs?keys=%5B%5B%22abb3dd72-9383-4637-8d39-af9bddd859a4%22%2C+%2243b66f05-aece-4497-8db0-dd7e9fd3af83%22%5D%5D&include_docs=false",1,0,200,195,195,195,52,0.02
"GET","/test/_design/api/_view/all_docs?keys=%5B%5B%22abe790ee-22aa-4a6e-931c-ab777adc303c%22%2C+%22ac239512-8ff3-468c-83fa-aab50deff6f0%22%5D%5D&include_docs=false",1,0,240,241,241,241,52,0.02
"GET","/test/_design/api/_view/all_docs?keys=%5B%5B%22ae6123da-79a2-4fec-b16d-be003b84ac66%22%2C+%22a608bc12-14c7-41d2-a433-8d8e3d11cad1%22%5D%5D&include_docs=false",1,0,150,146,146,146,52,0.02
"GET","/test/_design/api/_view/all_docs?keys=%5B%5B%22b3208f7d-1c65-4e67-8146-6f8f5d99eb24%22%2C+%22a52054b9-4eb7-4e5b-a3ec-a271123e5db7%22%5D%5D&include_docs=false",1,0,130,128,128,128,52,0.02
"GET","/test/_design/api/_view/all_docs?keys=%5B%5B%22b3593d95-c749-40c5-b08c-88ff41cd1718%22%2C+%22afe54831-9791-48ba-a306-85a3b54aad14%22%5D%5D&include_docs=false",1,0,200,204,204,204,52,0.02
"GET","/test/_design/api/_view/all_docs?keys=%5B%5B%22b4e6d2da-8eda-4a95-8531-5889936d2ec2%22%2C+%221ee7e863-b6e0-40e4-9a47-1f231eeac5b0%22%5D%5D&include_docs=false",1,0,110,114,114,114,52,0.02
"GET","/test/_design/api/_view/all_docs?keys=%5B%5B%22b7542e2d-969c-46be-82c3-3c56f0b95e82%22%2C+%2262787344-0e5f-4015-925f-c66bd0b2bc53%22%5D%5D&include_docs=false",1,0,170,173,173,173,52,0.02
"GET","/test/_design/api/_view/all_docs?keys=%5B%5B%22b9dec1c7-aabc-4d14-b11d-db01c2ac13e1%22%2C+%225888f488-fab6-48f4-b8c5-82c00cac40b4%22%5D%5D&include_docs=false",1,0,130,129,129,129,52,0.02
"GET","/test/_design/api/_view/all_docs?keys=%5B%5B%22bce12fb4-9cc4-442e-bcc3-2c11e1b932bd%22%2C+%2258bb6475-e3cb-4b67-bc56-f10c7e91bdc3%22%5D%5D&include_docs=false",1,0,110,114,114,114,52,0.02
"GET","/test/_design/api/_view/all_docs?keys=%5B%5B%22bf875b3b-2d4d-47e6-a713-4ad3202303a6%22%2C+%2229bd1482-6cca-4d0d-b064-da11231b7e50%22%5D%5D&include_docs=false",1,0,150,146,146,146,52,0.02
"GET","/test/_design/api/_view/all_docs?keys=%5B%5B%22bfc2f69c-ac59-43dd-b212-99b17111a789%22%2C+%228af5f0ad-99de-47dc-b1eb-eb3072c4f64a%22%5D%5D&include_docs=false",1,0,160,163,163,163,52,0.02
"GET","/test/_design/api/_view/all_docs?keys=%5B%5B%22c1f28e12-76e8-4aa0-9c1f-48a05438fcd8%22%2C+%2283ee21f9-78fa-49af-b0bb-aa437d654b1f%22%5D%5D&include_docs=false",1,0,190,186,186,186,52,0.02
"GET","/test/_design/api/_view/all_docs?keys=%5B%5B%22c34b99c6-984d-4beb-bb13-a5def447ea3c%22%2C+%22eac25015-396d-4e78-9a31-f62b06e3f51e%22%5D%5D&include_docs=false",1,0,150,153,153,153,52,0.02
"GET","/test/_design/api/_view/all_docs?keys=%5B%5B%22c3ba53b0-693a-4ee9-b3c1-3f3ed3c58899%22%2C+%22f49ba35b-37d4-4ba0-bf71-1865bae32f56%22%5D%5D&include_docs=false",1,0,140,138,138,138,52,0.02
"GET","/test/_design/api/_view/all_docs?keys=%5B%5B%22c5547b1f-d93b-4be4-b16c-6116b14d1fc9%22%2C+%222bcde2a1-816f-421c-8486-9df341abd05b%22%5D%5D&include_docs=false",1,0,220,222,222,222,52,0.02
"GET","/test/_design/api/_view/all_docs?keys=%5B%5B%22c5877b6a-a655-4177-9314-c5eecb53400b%22%2C+%22921d734e-de7e-4d55-b80a-1ab71cc1cbde%22%5D%5D&include_docs=false",1,0,170,171,171,171,52,0.02
"GET","/test/_design/api/_view/all_docs?keys=%5B%5B%22c69e1dbb-7ee0-434d-bed4-581fd6d9f1c5%22%2C+%224c33f6c6-ecf8-4cc7-a9b5-ab8ab996c105%22%5D%5D&include_docs=false",1,0,120,122,122,122,52,0.02
"GET","/test/_design/api/_view/all_docs?keys=%5B%5B%22c79fabdf-e3c9-43b3-ae26-4d6d4591f307%22%2C+%22dfcf241f-cbb2-4f91-aa82-dd6878885a6d%22%5D%5D&include_docs=false",1,0,180,179,179,179,52,0.02
"GET","/test/_design/api/_view/all_docs?keys=%5B%5B%22ca9820e7-fff8-41fb-97f6-a150c42ee4ca%22%2C+%224662e9f4-b03c-4473-bf7c-9b3c53c25e18%22%5D%5D&include_docs=false",1,0,190,192,192,192,52,0.02
"GET","/test/_design/api/_view/all_docs?keys=%5B%5B%22caffa200-66cd-4b2d-8750-fd833b6a65aa%22%2C+%22b46a607f-8c3e-483f-8914-98489307c102%22%5D%5D&include_docs=false",1,0,140,143,143,143,52,0.02
"GET","/test/_design/api/_view/all_docs?keys=%5B%5B%22cc388e3e-5502-41b0-8cf9-d3ee63cee8c6%22%2C+%22946686bb-a71d-4322-9d4d-3b1fbb11688d%22%5D%5D&include_docs=false",1,0,180,182,182,182,52,0.02
"GET","/test/_design/api/_view/all_docs?keys=%5B%5B%22cc4cda9a-4355-44e9-a51d-c312f6fb4b52%22%2C+%223eee3038-9e56-433c-849e-64a0e745f925%22%5D%5D&include_docs=false",1,0,130,131,131,131,52,0.02
"GET","/test/_design/api/_view/all_docs?keys=%5B%5B%22cfadb343-7c3b-44d5-ab4a-9219ae2b204b%22%2C+%22d2bef04b-e06a-421a-976e-cad62ae7e086%22%5D%5D&include_docs=false",1,0,150,149,149,149,52,0.02
"GET","/test/_design/api/_view/all_docs?keys=%5B%5B%22cfff5a2c-f0c7-49ba-9598-a0bdf78bed83%22%2C+%225fb4d115-9779-47c5-be97-1faba3237011%22%5D%5D&include_docs=false",1,0,110,113,113,113,52,0.02
"GET","/test/_design/api/_view/all_docs?keys=%5B%5B%22d16b95e1-eb3f-4cfc-b2d5-df87eee60db4%22%2C+%229ded4aca-7a3b-4239-85c2-d805e0b535d8%22%5D%5D&include_docs=false",1,0,120,123,123,123,52,0.02
"GET","/test/_design/api/_view/all_docs?keys=%5B%5B%22d1b0ea76-d840-46b4-8796-22d9af24f228%22%2C+%2264f0f779-d7a9-4261-ab61-1c028f9f02ea%22%5D%5D&include_docs=false",1,0,160,164,164,164,52,0.02
"GET","/test/_design/api/_view/all_docs?keys=%5B%5B%22d6ba4ec4-7942-4f41-a63c-01c60f547b7a%22%2C+%228c3ab56a-ffd7-4055-a768-19cf339de253%22%5D%5D&include_docs=false",1,0,480,480,480,480,52,0.02
"GET","/test/_design/api/_view/all_docs?keys=%5B%5B%22d7c48ca0-459b-43d9-971f-deb33dac475e%22%2C+%2217cca0c3-be2e-4755-ac36-ef7c0cd6e482%22%5D%5D&include_docs=false",1,0,130,127,127,127,52,0.02
"GET","/test/_design/api/_view/all_docs?keys=%5B%5B%22d8dcf22f-35af-4f6d-aa66-846ce5d05478%22%2C+%22fcf1c023-5da8-4ea8-9fc4-9f4f330b3d04%22%5D%5D&include_docs=false",1,0,160,162,162,162,52,0.02
"GET","/test/_design/api/_view/all_docs?keys=%5B%5B%22d91676c7-dcbb-45e7-b577-8eb1a9ec7761%22%2C+%22baa55288-aa4e-40e1-8d77-82478ef75111%22%5D%5D&include_docs=false",1,0,150,145,145,145,52,0.02
"GET","/test/_design/api/_view/all_docs?keys=%5B%5B%22d9fee24d-b772-49ec-a92a-f506a3264479%22%2C+%22fd505a03-c758-45e7-b267-861555e33419%22%5D%5D&include_docs=false",1,0,170,174,174,174,52,0.02
"GET","/test/_design/api/_view/all_docs?keys=%5B%5B%22da8cb60a-19aa-4c88-8b44-dadea8969201%22%2C+%22ab1c72b4-9dac-4ba6-a7d5-5bfbff3a8c0c%22%5D%5D&include_docs=false",1,0,210,211,211,211,52,0.02
"GET","/test/_design/api/_view/all_docs?keys=%5B%5B%22db397a33-2bd4-4969-9710-71de9d7aa4eb%22%2C+%227a57ff84-a4bb-49da-88c9-d8d823e68aff%22%5D%5D&include_docs=false",1,0,160,158,158,158,52,0.02
"GET","/test/_design/api/_view/all_docs?keys=%5B%5B%22db82ba78-b94f-4e15-b7c0-cd803ce7a4c9%22%2C+%222b9a40ba-b9ae-4bfd-b9a5-adfb4aca1ac4%22%5D%5D&include_docs=false",1,0,180,183,183,183,52,0.02
"GET","/test/_design/api/_view/all_docs?keys=%5B%5B%22dc2c01fe-e273-4666-ba38-0ec237ef4f73%22%2C+%225eaa3d5d-7f9b-4679-b830-a1175335d372%22%5D%5D&include_docs=false",1,0,150,147,147,147,52,0.02
"GET","/test/_design/api/_view/all_docs?keys=%5B%5B%22dcac3c76-741b-4310-9ccd-e55045b279f8%22%2C+%2223516e5e-db38-47fa-9560-13c8a26b6568%22%5D%5D&include_docs=false",1,0,170,171,171,171,52,0.02
"GET","/test/_design/api/_view/all_docs?keys=%5B%5B%22de314b08-658d-4296-b5f2-33bd0a0cddca%22%2C+%224f4bb5bd-13a9-4af4-a928-f175b6c2c5b1%22%5D%5D&include_docs=false",1,0,120,120,120,120,52,0.02
"GET","/test/_design/api/_view/all_docs?keys=%5B%5B%22e0931be8-e909-408a-88ca-b18713f1d405%22%2C+%228ed4b2de-181f-4ce5-9578-5a3ec1df3008%22%5D%5D&include_docs=false",1,0,130,127,127,127,52,0.02
"GET","/test/_design/api/_view/all_docs?keys=%5B%5B%22e1d88ddd-1b85-407e-bb09-0a67fb3cca14%22%2C+%2291cbe6ce-fa8d-4e42-a807-ee59820971dd%22%5D%5D&include_docs=false",1,0,200,201,201,201,52,0.02
"GET","/test/_design/api/_view/all_docs?keys=%5B%5B%22e378d0f7-ad4e-4ae1-898f-19dae301f02c%22%2C+%2270f1b6c7-4a27-4177-8268-fc8614f59009%22%5D%5D&include_docs=false",1,0,190,191,191,191,52,0.02
"GET","/test/_design/api/_view/all_docs?keys=%5B%5B%22e3f4ef8f-f067-4b12-ab02-9eb17d3d502b%22%2C+%22ed5a2649-dae5-4f1e-9943-c395c1f413e9%22%5D%5D&include_docs=false",1,0,180,184,184,184,52,0.02
"GET","/test/_design/api/_view/all_docs?keys=%5B%5B%22e4a044e1-a18e-407d-a14c-a34d777f6821%22%2C+%22614406a1-2105-47e5-b714-abc69b79e1a4%22%5D%5D&include_docs=false",1,0,180,177,177,177,52,0.02
"GET","/test/_design/api/_view/all_docs?keys=%5B%5B%22e5dc5046-5462-4f06-ae27-5a74171bf31c%22%2C+%222e7a2a86-e570-4619-9f7f-ed51c8fe3086%22%5D%5D&include_docs=false",1,0,170,170,170,170,52,0.02
"GET","/test/_design/api/_view/all_docs?keys=%5B%5B%22e7c8ea7f-5e80-4dbb-96e6-8444d83ff232%22%2C+%2228c542b8-96e8-4bc1-9d3a-dcde56ddd6b4%22%5D%5D&include_docs=false",1,0,110,114,114,114,52,0.02
"GET","/test/_design/api/_view/all_docs?keys=%5B%5B%22ea006fd5-6eb0-4241-9f7c-d58d8f0a9202%22%2C+%221d21d875-4111-4518-ac5c-4a1344e4eb1b%22%5D%5D&include_docs=false",1,0,180,180,180,180,52,0.02
"GET","/test/_design/api/_view/all_docs?keys=%5B%5B%22ea8f0d10-21cb-4da8-b0fc-7ea6bd483318%22%2C+%22f0c5c238-14f1-4b90-829c-c8c2431ac4f2%22%5D%5D&include_docs=false",1,0,170,174,174,174,52,0.02
"GET","/test/_design/api/_view/all_docs?keys=%5B%5B%22eba9ea4a-912c-49e0-8461-29b5c45eefdd%22%2C+%2271e38017-b2f4-4d56-893f-30338cd5c7f9%22%5D%5D&include_docs=false",1,0,170,167,167,167,52,0.02
"GET","/test/_design/api/_view/all_docs?keys=%5B%5B%22ec76c0aa-04cd-4319-b1fa-eeedff8ed741%22%2C+%22e68bb895-aa5c-4a00-8c19-66fd42f8a9c9%22%5D%5D&include_docs=false",1,0,120,116,116,116,52,0.02
"GET","/test/_design/api/_view/all_docs?keys=%5B%5B%22eed86faa-e0eb-41d2-a0ce-d55375925c8c%22%2C+%22ea98355c-2684-4301-9de1-602bf9a987f6%22%5D%5D&include_docs=false",1,0,180,176,176,176,52,0.02
"GET","/test/_design/api/_view/all_docs?keys=%5B%5B%22f1421170-0439-4b1d-a6e7-86e65e1e0a7b%22%2C+%2228efa920-6b14-4092-8208-93e755109f6e%22%5D%5D&include_docs=false",1,0,250,250,250,250,52,0.02
"GET","/test/_design/api/_view/all_docs?keys=%5B%5B%22f2b30f3e-bc76-40d9-bd57-c670e465e251%22%2C+%2227c9264e-e4c6-424d-8176-f7bfb854c253%22%5D%5D&include_docs=false",1,0,180,184,184,184,52,0.02
"GET","/test/_design/api/_view/all_docs?keys=%5B%5B%22f2efe2a8-0019-40c3-b34f-d1e5ba8f205a%22%2C+%220b7e8f2e-815a-4f82-8ba2-4b38d5a61451%22%5D%5D&include_docs=false",1,0,130,128,128,128,52,0.02
"GET","/test/_design/api/_view/all_docs?keys=%5B%5B%22f4c5225a-527d-419c-964a-a9cf9e33bf3b%22%2C+%22a706a454-7873-4545-adf3-a282caf0deab%22%5D%5D&include_docs=false",1,0,120,124,124,124,52,0.02
"GET","/test/_design/api/_view/all_docs?keys=%5B%5B%22f4f5f2b7-20dd-43f0-8377-98eef7509623%22%2C+%2210be6af9-b01a-4840-aade-088327659577%22%5D%5D&include_docs=false",1,0,140,137,137,137,52,0.02
"GET","/test/_design/api/_view/all_docs?keys=%5B%5B%22f5287082-5d5f-4dc7-8f3c-c84c9ca4449a%22%2C+%2257ef73e1-3208-4a15-9082-b7fb49baf455%22%5D%5D&include_docs=false",1,0,130,132,132,132,52,0.02
"GET","/test/_design/api/_view/all_docs?keys=%5B%5B%22f711811f-df51-467c-83c8-9f769b2f52d0%22%2C+%22b9550ac2-e6b9-4277-8c75-5612511be555%22%5D%5D&include_docs=false",1,0,130,128,128,128,52,0.02
"GET","/test/_design/api/_view/all_docs?keys=%5B%5B%22f7e8de79-737d-45cc-80c2-6bbde5b3a019%22%2C+%223f736140-e4ac-4106-a737-e22dde7d4a21%22%5D%5D&include_docs=false",1,0,130,126,126,126,52,0.02
"GET","/test/_design/api/_view/all_docs?keys=%5B%5B%22fcb6f880-3911-4562-9513-c4c5ac603a84%22%2C+%220ec96769-a537-4e31-a3cd-07cddb5c4113%22%5D%5D&include_docs=false",1,0,180,182,182,182,52,0.02
"GET","/test/_design/api/_view/all_docs?keys=%5B%5B%22fd61b049-36ed-453e-90d7-90ead8ac0f7d%22%2C+%2219535c23-d447-4751-b9c5-86c093f4d348%22%5D%5D&include_docs=false",1,0,130,125,125,125,52,0.02
"GET","/test/_design/api/_view/all_docs?keys=%5B%5B%22ffb473f6-b6f1-4099-b42e-82de9e3b3310%22%2C+%228589633f-29a7-4075-8267-7e33fd6836e9%22%5D%5D&include_docs=false",1,0,160,160,160,160,52,0.02
"None","Total",195,0,160,214,113,2628,52,4.13